Stocks,Max,Min,Mean,STD
,80.69554395393209,80.69554395393209,80.69554395393209,0.0
